age_group,avg_salary
36-50,85666.666667
25-35,62714.285714
